row,split
0,train
1,train
2,train
3,train
4,train
5,train
6,train
7,train
8,test
9,train
10,train
11,train
12,test
13,train
14,test
15,train
16,train
17,test
18,train
19,train
20,train
21,train
22,train
23,test
24,train
25,train
26,test
27,train
28,train
29,test
30,test
31,train
32,test
33,test
34,train
35,train
36,train
37,train
38,train
39,train
40,train
41,train
42,train
43,test
44,test
45,test
46,train
47,train
48,train
49,train
50,train
51,test
52,test
53,train
54,train
55,train
56,test
57,train
58,train
59,train
60,train
61,test
62,train
63,train
64,train
65,train
66,train
67,train
68,train
69,test
70,test
71,train
72,train
73,test
74,train
75,train
76,train
77,train
78,train
79,train
80,test
81,train
82,train
83,train
84,test
85,train
86,train
87,train
88,train
89,train
90,train
91,train
92,train
93,test
94,train
95,test
96,test
97,train
98,train
99,test
100,train
101,train
102,train
103,train
104,train
105,train
106,train
107,train
108,train
109,test
110,train
111,train
112,train
113,test
114,train
115,train
116,train
117,train
118,train
119,train
120,test
121,train
122,test
123,train
124,train
125,train
126,train
127,train
128,train
129,train
130,train
131,train
132,test
133,train
134,test
135,train
136,train
137,train
138,train
139,train
140,train
141,train
142,train
143,train
144,test
145,train
146,train
147,train
148,train
149,test
150,test
151,test
152,test
153,train
154,train
155,train
156,test
157,test
158,train
159,train
160,train
161,train
162,train
163,train
164,train
165,train
166,test
167,train
168,train
169,train
170,test
171,train
172,train
173,train
174,test
175,test
176,train
177,test
178,train
179,test
180,test
181,train
182,train
183,train
184,test
185,train
186,train
187,train
188,test
189,train
190,train
191,train
192,test
193,train
194,train
195,train
196,test
197,train
198,train
199,train
200,train
201,train
202,train
203,test
204,train
205,test
206,train
207,train
208,train
209,train
210,train
211,test
212,train
213,train
214,test
215,train
216,train
217,test
218,train
219,train
220,test
221,train
222,train
223,train
224,train
225,train
226,train
227,train
228,train
229,test
230,train
231,train
232,train
233,train
234,train
235,train
236,train
237,train
238,test
239,test
240,test
241,train
242,train
243,train
244,train
245,train
246,train
247,train
248,train
249,train
250,train
251,test
252,train
253,train
254,test
255,train
256,test
257,train
258,train
259,train
260,train
261,train
262,train
263,test
264,train
265,train
266,train
267,train
268,train
269,train
270,test
271,train
272,train
273,train
274,test
275,train
276,train
277,train
278,train
279,train
280,train
281,train
282,train
283,train
284,train
285,train
286,train
287,test
288,train
289,test
290,test
291,test
292,train
293,test
294,train
295,train
296,test
297,test
298,test
299,train
300,train
301,train
302,train
303,train
304,train
305,test
306,train
307,train
308,test
309,test
310,train
311,train
312,train
313,train
314,test
315,test
316,train
317,train
318,test
319,train
320,train
321,test
322,test
323,train
324,train
325,test
326,train
327,train
328,train
329,train
330,test
331,train
332,test
333,train
334,train
335,train
336,train
337,train
338,train
339,train
340,train
341,train
342,train
343,train
344,train
345,train
346,train
347,train
348,train
349,train
350,train
351,test
352,train
353,train
354,test
355,train
356,train
357,train
358,train
359,train
360,test
361,train
362,train
363,train
364,train
365,train
366,test
367,train
368,train
369,train
370,train
371,test
372,train
373,train
374,train
375,train
376,test
377,train
378,train
379,train
380,train
381,train
382,train
383,train
384,train
385,train
386,train
387,test
388,train
389,train
390,train
391,train
392,train
393,test
394,train
395,train
396,train
397,train
398,train
399,train
400,train
401,train
402,test
403,train
404,train
405,train
406,train
407,train
408,test
409,train
410,test
411,train
412,train
413,train
414,test
415,train
416,train
417,train
418,train
419,train
420,train
421,train
422,train
423,train
424,train
425,train
426,test
427,train
428,train
429,test
430,train
431,train
432,test
433,test
434,train
435,train
436,test
437,train
438,test
439,train
440,train
441,train
442,train
443,test
444,train
445,test
446,train
447,train
448,train
449,train
450,test
451,train
452,train
453,train
454,train
455,train
456,train
457,test
458,train
459,train
460,train
461,test
462,train
463,test
464,train
465,test
466,train
467,train
468,test
469,train
470,train
471,test
472,train
473,train
474,train
475,train
476,train
477,train
478,test
479,train
480,train
481,train
482,train
483,train
484,train
485,train
486,train
487,train
488,train
489,train
490,test
491,train
492,train
493,train
494,test
495,test
496,train
497,test
498,train
499,train
500,train
501,test
502,train
503,train
504,train
505,test
506,test
507,train
508,train
509,train
510,train
511,test
512,train
513,train
514,train
515,train
516,train
517,train
518,train
519,train
520,train
521,train
522,train
523,train
524,train
525,train
526,train
527,test
528,train
529,train
530,test
531,train
532,train
533,train
534,test
535,train
536,train
537,train
538,test
539,train
540,train
541,train
542,train
543,train
544,test
545,train
546,train
547,train
548,train
549,train
550,train
551,test
552,train
553,train
554,train
555,test
556,train
557,train
558,train
559,train
560,train
561,test
562,train
563,train
564,test
565,train
566,train
567,test
568,test
569,train
570,train
571,train
572,train
573,train
574,train
575,train
576,test
577,train
578,train
579,train
580,train
581,train
582,train
583,train
584,test
585,train
586,train
587,train
588,train
589,test
590,train
591,train
592,train
593,train
594,test
595,train
596,test
597,train
598,test
599,test
600,train
601,train
602,test
603,train
604,train
605,test
606,train
607,train
608,train
609,train
610,train
611,train
612,train
613,train
614,train
615,train
616,train
617,train
618,test
619,train
620,test
621,test
622,train
623,train
624,train
625,train
626,test
627,train
628,train
629,train
630,train
631,train
632,train
633,train
634,train
635,train
636,train
637,train
638,train
639,train
640,train
641,train
642,test
643,test
644,train
645,train
646,train
647,test
648,train
649,train
650,test
651,train
652,train
653,train
654,train
655,test
656,train
657,test
658,train
659,train
660,train
661,train
662,train
663,train
664,train
665,train
666,train
667,train
668,test
669,train
670,test
671,train
672,train
673,train
674,train
675,train
676,test
677,test
678,train
679,train
680,test
681,train
682,test
683,test
684,train
685,train
686,train
687,train
688,train
689,train
690,train
691,test
692,train
693,test
694,train
695,train
696,train
697,train
698,train
699,train
700,train
701,train
702,train
703,train
704,train
705,test
706,train
707,train
708,train
709,train
710,train
711,train
712,train
713,train
714,train
715,train
716,train
717,train
718,test
719,train
720,test
721,test
722,train
723,train
724,train
725,train
726,train
727,train
728,train
729,train
730,train
731,test
732,train
733,test
734,test
735,train
736,train
737,train
738,train
739,train
740,train
741,train
742,train
743,train
744,test
745,train
746,test
747,train
748,train
749,train
750,train
751,test
752,train
753,train
754,train
755,test
756,train
757,train
758,train
759,test
760,train
761,train
762,train
763,train
764,test
765,train
766,train
767,train
768,train
769,train
770,train
771,train
772,train
773,train
774,train
775,train
776,test
777,train
778,train
779,train
780,train
781,train
782,train
783,test
784,train
785,train
786,train
787,test
788,train
789,train
790,test
791,train
792,train
793,train
794,test
795,train
796,train
797,train
798,test
799,train
800,test
801,train
802,test
803,test
804,train
805,test
806,train
807,test
808,train
809,test
810,test
811,test
812,test
813,train
814,train
815,train
816,train
817,test
818,train
819,train
820,train
821,train
822,train
823,train
824,train
825,train
826,train
827,train
828,train
829,test
830,train
831,test
832,train
833,train
834,train
835,train
836,train
837,train
838,test
839,train
840,train
841,train
842,test
843,test
844,train
845,train
846,train
847,train
848,train
849,train
850,train
851,train
852,train
853,train
854,train
855,train
856,test
857,test
858,train
859,train
860,train
861,train
862,test
863,train
864,train
865,train
866,train
867,train
868,train
869,test
870,train
871,test
872,train
873,train
874,train
875,train
876,train
877,test
878,train
879,test
880,train
881,test
882,train
883,train
884,train
885,train
886,train
887,train
888,test
889,test
890,train
891,train
892,train
893,test
894,train
895,train
896,train
897,test
898,train
899,train
900,train
901,train
902,train
903,test
904,train
905,train
906,train
907,test
908,train
909,train
910,train
911,test
912,train
913,train
914,train
915,test
916,train
917,train
918,train
919,train
920,train
921,train
922,train
923,train
924,train
925,train
926,train
927,train
928,train
929,train
930,train
931,train
932,train
933,train
934,train
935,train
936,train
937,train
938,train
939,train
940,train
941,train
942,train
943,train
944,train
945,train
946,train
947,train
948,train
949,test
950,train
951,train
952,train
953,train
954,train
955,train
956,train
957,train
958,train
959,train
960,test
961,train
962,train
963,train
964,train
965,train
966,train
967,train
968,train
969,train
970,train
971,train
972,train
973,train
974,train
975,train
976,train
977,train
978,test
979,train
980,train
981,train
982,train
983,train
984,train
985,train
986,train
987,train
988,train
989,train
990,train
991,train
992,train
993,train
994,train
995,train
996,train
997,train
998,train
999,test
1000,train
1001,test
1002,train
1003,test
1004,train
1005,train
1006,train
1007,train
1008,train
1009,train
1010,train
1011,train
1012,train
1013,train
1014,train
1015,train
1016,train
1017,test
1018,test
1019,train
1020,test
1021,train
1022,test
1023,train
1024,train
1025,test
1026,train
1027,test
1028,train
1029,test
1030,train
1031,train
1032,test
1033,train
1034,test
1035,train
1036,train
1037,train
1038,test
1039,train
1040,train
1041,test
1042,train
1043,train
1044,train
1045,train
1046,train
1047,test
1048,train
1049,train
1050,train
1051,test
1052,test
1053,train
1054,train
1055,test
1056,test
1057,test
1058,train
1059,train
1060,train
1061,test
1062,train
1063,train
1064,train
1065,train
1066,train
1067,train
1068,test
1069,train
1070,train
1071,test
1072,train
1073,test
1074,test
1075,test
1076,train
1077,train
1078,train
1079,train
1080,train
1081,train
1082,train
1083,train
1084,train
1085,train
1086,train
1087,train
1088,train
1089,train
1090,train
1091,train
1092,train
1093,train
1094,test
1095,train
1096,train
1097,train
1098,train
1099,train
1100,train
1101,train
1102,train
1103,train
1104,test
1105,train
1106,test
1107,train
1108,test
1109,train
1110,train
1111,train
1112,train
1113,test
1114,test
1115,train
1116,test
1117,test
1118,train
1119,train
1120,train
1121,train
1122,train
1123,test
1124,train
1125,train
1126,train
1127,train
1128,test
1129,train
1130,test
1131,train
1132,train
1133,train
1134,train
1135,train
1136,train
1137,train
1138,train
1139,train
1140,train
1141,train
1142,train
1143,train
1144,train
1145,train
1146,train
1147,train
1148,train
1149,train
1150,train
1151,train
1152,train
1153,train
1154,train
1155,train
1156,train
1157,train
1158,test
1159,test
1160,train
1161,test
1162,test
1163,train
1164,test
1165,train
1166,train
1167,train
1168,train
1169,train
1170,test
1171,train
1172,train
1173,test
1174,train
1175,train
1176,test
1177,train
1178,test
1179,train
1180,test
1181,train
1182,train
1183,test
1184,train
1185,train
1186,train
1187,train
1188,train
1189,test
1190,train
1191,train
1192,test
1193,train
1194,train
1195,train
1196,train
1197,train
1198,train
1199,train
1200,test
1201,train
1202,train
1203,train
1204,test
1205,train
1206,train
1207,test
1208,train
1209,train
1210,train
1211,train
1212,train
1213,test
1214,train
1215,train
1216,test
1217,train
1218,train
1219,train
1220,test
1221,test
1222,test
1223,train
1224,train
1225,train
1226,train
1227,train
1228,test
1229,train
1230,train
1231,test
1232,train
1233,train
1234,train
1235,test
1236,train
1237,test
1238,train
1239,train
1240,train
1241,train
1242,test
1243,train
1244,train
1245,train
1246,train
1247,train
1248,train
1249,train
1250,train
1251,train
1252,train
1253,test
1254,train
1255,test
1256,train
1257,train
1258,test
1259,train
1260,test
1261,test
1262,train
1263,test
1264,test
1265,train
1266,train
1267,train
1268,train
1269,train
1270,test
1271,train
1272,test
1273,train
1274,train
1275,train
1276,train
1277,train
1278,test
1279,train
1280,train
1281,test
1282,train
1283,train
1284,train
1285,train
1286,train
1287,train
1288,test
1289,test
1290,train
1291,train
1292,test
1293,train
1294,train
1295,test
1296,train
1297,train
1298,train
1299,train
1300,train
1301,train
1302,train
1303,train
1304,train
1305,train
1306,train
1307,train
1308,train
1309,train
1310,train
1311,train
1312,train
1313,test
1314,train
1315,train
1316,train
1317,train
1318,train
1319,train
1320,train
1321,test
1322,train
1323,test
1324,train
1325,train
1326,train
1327,train
1328,train
1329,train
1330,train
1331,train
1332,train
1333,train
1334,test
1335,train
1336,train
1337,train
1338,train
1339,train
1340,test
1341,train
1342,train
1343,train
1344,train
1345,test
1346,train
1347,train
1348,train
1349,train
1350,test
1351,test
1352,train
1353,train
1354,train
1355,train
1356,train
1357,train
1358,train
1359,train
1360,train
1361,train
1362,test
1363,train
1364,train
1365,train
1366,train
1367,train
1368,train
1369,train
1370,train
1371,train
1372,train
1373,train
1374,test
1375,train
1376,train
1377,train
1378,test
1379,train
1380,train
1381,train
1382,train
1383,train
1384,train
1385,train
1386,train
1387,train
1388,train
1389,train
1390,train
1391,test
1392,test
1393,test
1394,train
1395,test
1396,train
1397,test
1398,test
1399,train
1400,train
1401,train
1402,train
1403,train
1404,train
1405,train
1406,test
1407,test
1408,train
1409,train
1410,train
1411,test
1412,test
1413,test
1414,train
1415,train
1416,train
1417,test
1418,train
1419,test
1420,train
1421,train
1422,train
1423,train
1424,test
1425,train
1426,test
1427,test
1428,train
1429,train
1430,train
1431,train
1432,test
1433,train
1434,train
1435,train
1436,test
1437,test
1438,test
1439,train
1440,train
1441,train
1442,train
1443,train
1444,train
1445,train
1446,train
1447,train
1448,test
1449,train
1450,train
1451,train
1452,train
1453,train
1454,train
1455,test
1456,train
1457,test
1458,train
1459,train
1460,train
1461,test
1462,train
1463,train
1464,train
1465,train
1466,train
1467,train
1468,test
1469,train
1470,train
1471,train
1472,train
1473,train
1474,train
1475,train
1476,train
1477,test
1478,train
1479,train
1480,train
1481,train
1482,test
1483,train
1484,train
1485,test
1486,train
1487,test
1488,train
1489,train
1490,train
1491,test
1492,train
1493,train
1494,train
1495,train
1496,train
1497,test
1498,test
1499,train
1500,train
1501,test
1502,train
1503,train
1504,test
1505,test
1506,train
1507,test
1508,train
1509,train
1510,test
1511,train
1512,train
1513,test
1514,train
1515,train
1516,train
1517,train
1518,train
1519,train
1520,train
1521,train
1522,test
1523,train
1524,train
1525,train
1526,train
1527,train
1528,train
1529,train
1530,train
1531,train
1532,train
1533,test
1534,train
1535,train
1536,test
1537,test
1538,train
1539,test
1540,train
1541,train
1542,train
1543,train
1544,train
1545,test
1546,train
1547,train
1548,train
1549,train
1550,train
1551,test
1552,train
1553,train
1554,test
1555,train
1556,test
1557,test
1558,test
1559,train
1560,train
1561,train
1562,train
1563,test
1564,test
1565,train
1566,test
1567,train
1568,train
1569,train
1570,train
1571,train
1572,train
1573,train
1574,train
1575,train
1576,train
1577,train
1578,test
1579,train
1580,test
1581,train
1582,train
1583,train
1584,train
1585,train
1586,test
1587,train
1588,train
1589,test
1590,train
1591,train
1592,test
1593,test
1594,train
1595,train
1596,train
1597,train
1598,test
1599,train
1600,test
1601,train
1602,train
1603,train
1604,train
1605,train
1606,train
1607,train
1608,train
1609,train
1610,train
1611,test
1612,train
1613,train
1614,train
1615,train
1616,train
1617,train
1618,train
1619,train
1620,train
1621,train
1622,train
1623,test
1624,train
1625,train
1626,test
1627,test
1628,train
1629,train
1630,train
1631,train
1632,test
1633,train
1634,train
1635,train
1636,train
1637,train
1638,train
1639,train
1640,train
1641,test
1642,train
1643,test
1644,train
1645,train
1646,train
1647,test
1648,train
1649,train
1650,test
1651,train
1652,test
1653,train
1654,train
1655,train
1656,train
1657,test
1658,train
1659,test
1660,train
1661,train
1662,test
1663,train
1664,train
1665,test
1666,test
1667,train
1668,train
1669,train
1670,test
1671,train
1672,train
1673,train
1674,train
1675,train
1676,train
1677,train
1678,train
1679,train
1680,train
1681,train
1682,train
1683,train
1684,train
1685,train
1686,train
1687,train
1688,train
1689,train
1690,train
1691,train
1692,train
1693,train
1694,test
1695,train
1696,train
1697,test
1698,train
1699,train
1700,train
1701,train
1702,train
1703,train
1704,train
1705,train
1706,train
1707,train
1708,train
1709,train
1710,train
1711,train
1712,train
1713,train
1714,test
1715,train
1716,train
1717,train
1718,test
1719,train
1720,train
1721,test
1722,train
1723,train
1724,train
1725,train
1726,train
1727,test
1728,train
1729,train
1730,train
1731,train
1732,train
1733,train
1734,train
1735,train
1736,test
1737,train
1738,train
1739,train
1740,test
1741,test
1742,train
1743,train
1744,train
1745,train
1746,train
1747,test
1748,train
1749,test
1750,train
1751,train
1752,train
1753,train
1754,train
1755,train
1756,train
1757,train
1758,train
1759,train
1760,train
1761,train
1762,train
1763,train
1764,train
1765,test
1766,train
1767,test
1768,train
1769,test
1770,test
1771,train
1772,train
1773,train
1774,train
1775,train
1776,train
1777,train
1778,train
1779,test
1780,train
1781,train
1782,train
1783,test
1784,test
1785,train
1786,train
1787,train
1788,test
1789,test
1790,train
1791,train
1792,train
1793,train
1794,train
1795,train
1796,train
1797,train
1798,train
1799,train
1800,train
1801,train
1802,train
1803,train
1804,train
1805,train
1806,train
1807,test
1808,train
1809,train
1810,train
1811,train
1812,test
1813,test
1814,test
1815,train
1816,train
1817,train
1818,train
1819,train
1820,train
1821,train
1822,train
1823,train
1824,train
1825,train
1826,train
1827,train
1828,train
1829,train
1830,train
1831,test
1832,train
1833,test
1834,train
1835,train
1836,train
1837,train
1838,train
1839,test
1840,test
1841,train
1842,test
1843,train
1844,train
1845,train
1846,test
1847,train
1848,train
1849,train
1850,train
1851,train
1852,train
1853,train
1854,train
1855,train
1856,train
1857,train
1858,train
1859,test
1860,test
1861,train
1862,test
1863,train
1864,train
1865,train
1866,train
1867,test
1868,train
1869,train
1870,train
1871,test
1872,train
1873,train
1874,test
1875,train
1876,test
1877,train
1878,train
1879,train
1880,test
1881,train
1882,train
1883,train
1884,train
1885,train
1886,train
1887,train
1888,train
1889,train
1890,train
1891,train
1892,train
1893,train
1894,train
1895,train
1896,test
1897,test
1898,train
1899,train
1900,train
1901,train
1902,test
1903,train
1904,train
1905,train
1906,train
1907,train
1908,train
1909,test
1910,train
1911,train
1912,test
1913,train
1914,train
1915,train
1916,train
1917,train
1918,train
1919,test
1920,train
1921,train
1922,train
1923,test
1924,test
1925,train
1926,train
1927,train
1928,train
1929,train
1930,train
1931,train
1932,train
1933,train
1934,train
1935,train
1936,train
1937,train
1938,train
1939,train
1940,train
1941,test
1942,train
1943,train
1944,train
1945,test
1946,train
1947,train
1948,train
1949,train
1950,train
1951,train
1952,test
1953,train
1954,train
1955,train
1956,train
1957,test
1958,train
1959,train
1960,train
1961,train
1962,train
1963,train
1964,train
1965,train
1966,test
1967,train
1968,train
1969,train
1970,train
1971,train
1972,test
1973,test
1974,train
1975,train
1976,train
1977,train
1978,test
1979,train
1980,train
1981,train
1982,train
1983,train
1984,train
1985,train
1986,train
1987,train
1988,test
1989,train
1990,train
1991,train
1992,train
1993,train
1994,train
1995,test
1996,train
1997,train
1998,train
1999,train
2000,train
2001,train
2002,test
2003,train
2004,test
2005,test
2006,train
2007,train
2008,train
2009,train
2010,train
2011,train
2012,train
2013,train
2014,test
2015,test
2016,test
2017,train
2018,train
2019,train
2020,train
2021,train
2022,train
2023,train
2024,train
2025,train
2026,train
2027,train
2028,train
2029,train
2030,train
2031,test
2032,train
2033,train
2034,train
2035,train
2036,train
2037,train
2038,train
2039,train
2040,train
2041,train
2042,test
2043,train
2044,test
2045,test
2046,train
2047,train
2048,train
2049,train
2050,train
2051,train
2052,train
2053,test
2054,train
2055,train
2056,train
2057,test
2058,train
2059,test
2060,train
2061,train
2062,train
2063,test
2064,train
2065,train
2066,train
2067,test
2068,train
2069,test
2070,train
2071,train
2072,train
2073,test
2074,train
2075,train
2076,train
2077,train
2078,train
2079,train
2080,train
2081,train
2082,train
2083,train
2084,train
2085,test
2086,test
2087,train
2088,train
2089,train
2090,train
2091,test
2092,test
2093,test
2094,train
2095,train
2096,train
2097,test
2098,train
2099,train
2100,train
2101,train
2102,train
2103,train
2104,train
2105,train
2106,train
2107,train
2108,train
2109,train
2110,train
2111,test
2112,train
2113,train
2114,train
2115,train
2116,train
2117,train
2118,train
2119,train
2120,train
2121,train
2122,train
2123,train
2124,train
2125,train
2126,train
2127,test
2128,train
2129,train
2130,train
2131,train
2132,train
2133,train
2134,train
2135,train
2136,train
2137,train
2138,train
2139,train
2140,train
2141,train
2142,train
2143,train
2144,train
2145,train
2146,train
2147,train
2148,train
2149,train
2150,train
2151,train
2152,train
2153,test
2154,train
2155,test
2156,train
2157,train
2158,train
2159,train
2160,train
2161,train
2162,train
2163,train
2164,train
2165,train
2166,train
2167,test
2168,train
2169,train
2170,train
2171,test
2172,test
2173,train
2174,train
2175,train
2176,train
2177,train
2178,train
2179,train
2180,train
2181,train
2182,test
2183,train
2184,train
2185,train
2186,test
2187,train
2188,train
2189,test
2190,train
2191,train
2192,train
2193,train
2194,train
2195,train
2196,test
2197,train
2198,train
2199,train
2200,train
2201,train
2202,test
2203,train
2204,train
2205,train
2206,test
2207,train
2208,train
2209,train
2210,train
2211,train
2212,train
2213,test
2214,train
2215,train
2216,train
2217,train
2218,train
2219,train
2220,train
2221,test
2222,train
2223,test
2224,train
2225,train
2226,test
2227,train
2228,train
2229,train
2230,test
2231,train
2232,train
2233,test
2234,train
2235,train
2236,train
2237,train
2238,train
2239,train
2240,train
2241,train
2242,test
2243,train
2244,test
2245,train
2246,train
2247,test
2248,train
2249,train
2250,test
2251,train
2252,train
2253,train
2254,train
2255,train
2256,train
2257,train
2258,train
2259,train
2260,train
2261,train
2262,train
2263,train
2264,train
2265,train
2266,train
2267,test
2268,train
2269,test
2270,train
2271,train
2272,train
2273,train
2274,test
2275,train
2276,train
2277,train
2278,train
2279,train
2280,train
2281,train
2282,train
2283,train
2284,train
2285,train
2286,train
2287,train
2288,train
2289,train
2290,train
2291,train
2292,train
2293,test
2294,train
2295,train
2296,train
2297,test
2298,train
2299,test
2300,train
2301,train
2302,train
2303,test
2304,train
2305,train
2306,train
2307,train
2308,train
2309,test
2310,train
2311,train
2312,train
2313,train
2314,train
2315,train
2316,train
2317,train
2318,test
2319,train
2320,test
2321,train
2322,train
2323,test
2324,train
2325,test
2326,train
2327,train
2328,train
2329,train
2330,test
2331,train
2332,train
2333,test
2334,train
2335,train
2336,train
2337,train
2338,train
2339,train
2340,train
2341,test
2342,train
2343,train
2344,train
2345,train
2346,train
2347,train
2348,train
2349,train
2350,train
2351,test
2352,train
2353,train
2354,train
2355,train
2356,train
2357,train
2358,train
2359,train
2360,train
2361,train
2362,train
2363,train
2364,train
2365,train
2366,train
2367,test
2368,train
2369,test
2370,test
2371,train
2372,test
2373,train
2374,train
2375,train
2376,train
2377,train
2378,test
2379,test
2380,train
2381,train
2382,train
2383,train
2384,test
2385,train
2386,train
2387,train
2388,train
2389,train
2390,train
2391,train
2392,train
2393,train
2394,train
2395,train
2396,train
2397,train
2398,train
2399,train
2400,train
2401,train
2402,train
2403,train
2404,train
2405,train
2406,train
2407,test
2408,train
2409,train
2410,train
2411,train
2412,train
2413,train
2414,test
2415,test
2416,train
2417,test
2418,train
2419,train
2420,test
2421,train
2422,train
2423,train
2424,train
2425,train
2426,train
2427,train
2428,train
2429,test
2430,train
2431,train
2432,train
2433,train
2434,train
2435,train
2436,train
2437,test
2438,train
2439,train
2440,train
2441,train
2442,train
2443,train
2444,train
2445,train
2446,train
2447,test
2448,train
2449,train
2450,test
2451,test
2452,test
2453,train
2454,train
2455,train
2456,test
2457,test
2458,train
2459,train
2460,train
2461,train
2462,test
2463,train
2464,test
2465,test
2466,train
2467,train
2468,train
2469,train
2470,train
2471,train
2472,train
2473,train
2474,test
2475,train
2476,train
2477,train
2478,test
2479,train
2480,train
2481,test
2482,train
2483,train
2484,train
2485,train
2486,train
2487,train
2488,test
2489,train
2490,train
2491,train
2492,train
2493,test
2494,test
2495,train
2496,train
2497,train
2498,test
2499,test
2500,test
2501,train
2502,train
2503,train
2504,train
2505,train
2506,train
2507,train
2508,train
2509,train
2510,train
2511,train
2512,test
2513,train
2514,train
2515,train
2516,train
2517,train
2518,train
2519,train
2520,train
2521,train
2522,test
2523,train
2524,train
2525,train
2526,test
2527,test
2528,train
2529,test
2530,train
2531,test
2532,train
2533,train
2534,train
2535,test
2536,train
2537,train
2538,train
2539,train
2540,train
2541,train
2542,test
2543,test
2544,train
2545,test
2546,train
2547,test
2548,train
2549,train
2550,train
2551,train
2552,train
2553,train
2554,test
2555,train
2556,train
2557,train
2558,train
2559,train
2560,train
2561,train
2562,train
2563,train
2564,test
2565,train
2566,train
2567,train
2568,train
2569,train
2570,train
2571,train
2572,train
2573,train
2574,train
2575,train
2576,train
2577,train
2578,test
2579,train
2580,train
2581,train
2582,train
2583,test
2584,train
2585,train
2586,train
2587,train
2588,test
2589,train
2590,train
2591,train
2592,test
2593,train
2594,test
2595,train
2596,train
2597,train
2598,train
2599,train
2600,test
2601,train
2602,test
2603,train
2604,train
2605,train
2606,test
2607,test
2608,train
2609,train
2610,test
2611,train
2612,train
2613,train
2614,train
2615,train
2616,train
2617,train
2618,train
2619,train
2620,test
2621,train
2622,train
2623,train
2624,train
2625,train
2626,train
2627,train
2628,train
2629,test
2630,train
2631,test
2632,train
2633,test
2634,test
2635,train
2636,train
2637,train
2638,train
2639,train
2640,train
2641,train
2642,train
2643,train
2644,train
2645,train
2646,train
2647,train
2648,test
2649,train
2650,train
2651,train
2652,train
2653,train
2654,test
2655,test
2656,train
2657,train
2658,test
2659,test
2660,train
2661,test
2662,train
2663,train
2664,train
2665,test
2666,train
2667,train
2668,test
2669,train
2670,train
2671,train
2672,train
2673,train
2674,train
2675,train
2676,train
2677,train
2678,test
2679,train
2680,test
2681,train
2682,train
2683,train
2684,train
2685,train
2686,train
2687,train
2688,train
2689,train
2690,train
2691,train
2692,train
2693,train
2694,test
2695,train
2696,train
2697,test
2698,test
2699,train
2700,train
2701,train
2702,train
2703,train
2704,train
2705,train
2706,train
2707,test
2708,train
2709,train
2710,train
2711,train
2712,train
2713,train
2714,train
2715,test
2716,test
2717,train
2718,train
2719,train
2720,train
2721,train
2722,test
2723,train
2724,train
2725,test
2726,train
2727,train
2728,test
2729,train
2730,train
2731,train
2732,train
2733,train
2734,train
2735,train
2736,test
2737,train
2738,train
2739,train
2740,train
2741,train
2742,train
2743,train
2744,train
2745,train
2746,train
2747,train
2748,test
2749,train
2750,test
2751,train
2752,train
2753,train
2754,train
2755,train
2756,train
2757,test
2758,train
2759,test
2760,train
2761,train
2762,train
2763,train
2764,test
2765,train
2766,train
2767,test
2768,train
2769,train
2770,train
2771,train
2772,test
2773,train
2774,train
2775,train
2776,train
2777,train
2778,train
2779,train
2780,train
2781,train
2782,train
2783,train
2784,test
2785,train
2786,train
2787,train
2788,train
2789,test
2790,train
2791,train
2792,train
2793,test
2794,train
2795,train
2796,train
2797,train
2798,train
2799,train
2800,train
2801,train
2802,train
2803,test
2804,test
2805,train
2806,train
2807,test
2808,train
2809,train
2810,train
2811,train
2812,train
2813,test
2814,train
2815,train
2816,train
2817,train
2818,train
2819,train
2820,train
2821,train
2822,train
2823,train
2824,train
2825,train
2826,train
2827,train
2828,train
2829,train
2830,train
2831,train
2832,train
2833,train
2834,train
2835,train
2836,train
2837,train
2838,train
2839,train
2840,train
2841,train
2842,train
2843,train
2844,test
2845,train
2846,test
2847,train
2848,train
2849,train
2850,train
2851,train
2852,train
2853,train
2854,train
2855,train
2856,test
2857,test
2858,train
2859,train
2860,test
2861,train
2862,train
2863,train
2864,test
2865,test
2866,train
2867,train
2868,train
2869,train
2870,train
2871,train
2872,train
2873,test
2874,train
2875,train
2876,train
2877,train
2878,train
2879,train
2880,test
2881,test
2882,test
2883,train
2884,train
2885,train
2886,train
2887,train
2888,train
2889,train
2890,train
2891,train
2892,train
2893,train
2894,train
2895,train
2896,train
2897,train
2898,train
2899,test
2900,train
2901,train
2902,test
2903,train
2904,train
2905,train
2906,train
2907,train
2908,train
2909,train
2910,train
2911,train
2912,train
2913,train
2914,train
2915,test
2916,train
2917,train
2918,train
2919,train
2920,test
2921,train
2922,train
2923,train
2924,train
2925,train
2926,train
2927,train
2928,train
2929,test
2930,train
2931,train
2932,train
2933,train
2934,train
2935,train
2936,train
2937,train
2938,train
2939,train
2940,train
2941,train
2942,train
2943,train
2944,train
2945,train
2946,train
2947,train
2948,train
2949,test
2950,train
2951,train
2952,train
2953,train
2954,test
2955,train
2956,train
2957,test
2958,train
2959,train
2960,train
2961,train
2962,test
2963,test
2964,test
2965,train
2966,train
2967,train
2968,test
2969,test
2970,test
2971,train
2972,train
2973,train
2974,test
2975,train
2976,train
2977,train
2978,train
2979,train
2980,train
2981,train
2982,train
2983,train
2984,test
2985,train
2986,train
2987,train
2988,test
2989,train
2990,train
2991,test
2992,train
2993,train
2994,train
2995,train
2996,train
2997,train
2998,test
2999,train
3000,test
3001,train
3002,train
3003,train
3004,test
3005,train
3006,train
3007,test
3008,train
3009,train
3010,train
3011,train
3012,train
3013,train
3014,test
3015,test
3016,train
3017,train
3018,train
3019,train
3020,train
3021,train
3022,train
3023,train
3024,train
3025,train
3026,train
3027,train
3028,train
3029,train
3030,train
3031,train
3032,test
3033,train
3034,train
3035,test
3036,test
3037,train
3038,test
3039,test
3040,train
3041,test
3042,train
3043,train
3044,train
3045,test
3046,train
3047,test
3048,train
3049,test
3050,train
3051,train
3052,train
3053,train
3054,train
3055,train
3056,train
3057,train
3058,train
3059,train
3060,train
3061,train
3062,test
3063,test
3064,train
3065,train
3066,train
3067,train
3068,train
3069,train
3070,test
3071,train
3072,train
3073,train
3074,test
3075,train
3076,train
3077,train
3078,train
3079,train
3080,train
3081,test
3082,test
3083,train
3084,train
3085,train
3086,train
3087,train
3088,train
3089,train
3090,train
3091,test
3092,train
3093,test
3094,train
3095,train
3096,train
3097,train
3098,train
3099,train
3100,train
3101,train
3102,train
3103,train
3104,train
3105,train
3106,test
3107,train
3108,train
3109,train
3110,train
3111,test
3112,test
3113,train
3114,train
3115,train
3116,train
3117,train
3118,train
3119,train
3120,train
3121,train
3122,train
3123,train
3124,train
3125,test
3126,train
3127,train
3128,train
3129,train
3130,train
3131,train
3132,train
3133,test
3134,train
3135,train
3136,train
3137,test
3138,train
3139,test
3140,train
3141,train
3142,train
3143,train
3144,train
3145,train
3146,train
3147,train
3148,test
3149,train
3150,train
3151,train
3152,train
3153,train
3154,train
3155,train
3156,train
3157,train
3158,train
3159,train
3160,test
3161,train
3162,train
3163,train
3164,train
3165,test
3166,train
3167,train
3168,train
3169,train
3170,train
3171,train
3172,train
3173,train
3174,train
3175,train
3176,train
3177,train
3178,train
3179,train
3180,train
3181,train
3182,train
3183,train
3184,train
3185,train
3186,train
3187,train
3188,train
3189,test
3190,train
3191,train
3192,train
3193,train
3194,test
3195,train
3196,train
3197,train
3198,train
3199,train
3200,train
3201,test
3202,train
3203,test
3204,test
3205,train
3206,test
3207,train
3208,train
3209,test
3210,train
3211,train
3212,train
3213,test
3214,train
3215,train
3216,train
3217,train
3218,train
3219,train
3220,train
3221,train
3222,train
3223,train
3224,train
3225,train
3226,train
3227,train
3228,test
3229,train
3230,train
3231,test
3232,train
3233,test
3234,train
3235,train
3236,train
3237,train
3238,test
3239,train
3240,train
3241,test
3242,train
3243,test
3244,train
3245,train
3246,train
3247,train
3248,test
3249,train
3250,train
3251,train
3252,train
3253,train
3254,train
3255,train
3256,train
3257,train
3258,train
3259,test
3260,test
3261,train
3262,test
3263,test
3264,test
3265,train
3266,train
3267,train
3268,train
3269,test
3270,train
3271,train
3272,train
3273,train
3274,test
3275,train
3276,train
3277,train
3278,train
3279,train
3280,test
3281,train
3282,train
3283,train
3284,train
3285,train
3286,train
3287,train
3288,train
3289,train
3290,train
3291,train
3292,train
3293,train
3294,train
3295,train
3296,train
3297,train
3298,train
3299,train
3300,train
3301,train
3302,train
3303,train
3304,train
3305,train
3306,train
3307,train
3308,train
3309,test
3310,train
3311,test
3312,test
3313,train
3314,train
3315,train
3316,test
3317,train
3318,test
3319,test
3320,test
3321,test
3322,train
3323,train
3324,train
3325,train
3326,train
3327,train
3328,train
3329,train
3330,train
3331,test
3332,train
3333,train
3334,train
3335,train
3336,train
3337,train
3338,train
3339,train
3340,train
3341,train
3342,train
3343,train
3344,test
3345,train
3346,test
3347,test
3348,train
3349,test
3350,train
3351,train
3352,test
3353,train
3354,train
3355,train
3356,train
3357,test
3358,train
3359,train
3360,train
3361,train
3362,train
3363,train
3364,train
3365,train
3366,train
3367,train
3368,train
3369,train
3370,train
3371,train
3372,train
3373,train
3374,train
3375,train
3376,train
3377,train
3378,test
3379,train
3380,test
3381,test
3382,train
3383,test
3384,test
3385,train
3386,train
3387,train
3388,train
3389,train
3390,train
3391,train
3392,train
3393,test
3394,train
3395,train
3396,train
3397,train
3398,train
3399,train
3400,train
3401,train
3402,train
3403,train
3404,test
3405,train
3406,train
3407,train
3408,train
3409,train
3410,train
3411,train
3412,test
3413,train
3414,test
3415,train
3416,train
3417,train
3418,train
3419,train
3420,train
3421,train
3422,train
3423,test
3424,test
3425,train
3426,train
3427,train
3428,train
3429,test
3430,train
3431,train
3432,test
3433,test
3434,train
3435,train
3436,train
3437,train
3438,train
3439,train
3440,train
3441,train
3442,test
3443,train
3444,train
3445,train
3446,train
3447,train
3448,train
3449,train
3450,train
3451,train
3452,train
3453,test
3454,train
3455,train
3456,train
3457,train
3458,train
3459,train
3460,train
3461,train
3462,test
3463,train
3464,train
3465,train
3466,train
3467,train
3468,train
3469,train
3470,train
3471,train
3472,train
3473,train
3474,train
3475,train
3476,train
3477,test
3478,train
3479,train
3480,train
3481,train
3482,train
3483,train
3484,train
3485,train
3486,train
3487,train
3488,train
3489,train
3490,train
3491,train
3492,test
3493,train
3494,train
3495,test
3496,test
3497,train
3498,train
3499,train
3500,train
3501,train
3502,train
3503,train
3504,test
3505,train
3506,train
3507,train
3508,train
3509,train
3510,train
3511,train
3512,train
3513,train
3514,train
3515,train
3516,test
3517,train
3518,test
3519,train
3520,train
3521,test
3522,train
3523,train
3524,train
3525,train
3526,test
3527,train
3528,train
3529,train
3530,train
3531,test
3532,train
3533,train
3534,train
3535,train
3536,train
3537,train
3538,train
3539,test
3540,train
3541,train
3542,train
3543,train
3544,train
3545,train
3546,train
3547,train
3548,train
3549,train
3550,train
3551,train
3552,test
3553,train
3554,test
3555,train
3556,train
3557,train
3558,train
3559,train
3560,train
3561,train
3562,test
3563,train
3564,train
3565,train
3566,train
3567,train
3568,test
3569,train
3570,train
3571,train
3572,train
3573,train
3574,train
3575,train
3576,test
3577,train
3578,train
3579,train
3580,train
3581,train
3582,train
3583,train
3584,train
3585,train
3586,train
3587,test
3588,test
3589,test
3590,train
3591,test
3592,test
3593,train
3594,train
3595,train
3596,train
3597,train
3598,test
3599,train
3600,train
3601,train
3602,train
3603,train
3604,train
3605,train
3606,train
3607,train
3608,train
3609,train
3610,train
3611,test
3612,test
3613,test
3614,train
3615,test
3616,train
3617,train
3618,test
3619,train
3620,test
3621,train
3622,test
3623,train
3624,train
3625,train
3626,train
3627,train
3628,test
3629,train
3630,train
3631,train
3632,train
3633,test
3634,test
3635,train
3636,train
3637,train
3638,train
3639,train
3640,test
3641,train
3642,train
3643,train
3644,train
3645,train
3646,train
3647,train
3648,train
3649,test
3650,test
3651,train
3652,train
3653,train
3654,test
3655,train
3656,train
3657,train
3658,train
3659,train
3660,train
3661,train
3662,train
3663,train
3664,train
3665,train
3666,train
3667,train
3668,train
3669,train
3670,test
3671,train
3672,train
3673,train
3674,train
3675,train
3676,train
3677,train
3678,train
3679,train
3680,train
3681,train
3682,train
3683,test
3684,test
3685,train
3686,train
3687,train
3688,train
3689,train
3690,test
3691,train
3692,train
3693,train
3694,train
3695,train
3696,train
3697,test
3698,train
3699,train
3700,train
3701,test
3702,train
3703,train
3704,train
3705,train
3706,train
3707,train
3708,train
3709,train
3710,train
3711,train
3712,train
3713,train
3714,train
3715,train
3716,test
3717,train
3718,train
3719,train
3720,test
3721,train
3722,train
3723,train
3724,train
3725,test
3726,train
3727,train
3728,train
3729,train
3730,train
3731,train
3732,train
3733,train
3734,test
3735,train
3736,train
3737,train
3738,train
3739,test
3740,train
3741,train
3742,test
3743,train
3744,train
3745,train
3746,train
3747,train
3748,train
3749,train
3750,train
3751,train
3752,train
3753,train
3754,train
3755,train
3756,train
3757,train
3758,train
3759,train
3760,train
3761,train
3762,train
3763,train
3764,train
3765,train
3766,train
3767,train
3768,train
3769,train
3770,test
3771,train
3772,train
3773,train
3774,train
3775,train
3776,train
3777,train
3778,train
3779,train
3780,train
3781,test
3782,train
3783,train
3784,train
3785,train
3786,test
3787,train
3788,train
3789,train
3790,train
3791,train
3792,train
3793,test
3794,train
3795,train
3796,train
3797,train
3798,train
3799,train
3800,train
3801,test
3802,train
3803,train
3804,test
3805,train
3806,train
3807,train
3808,test
3809,train
3810,train
3811,train
3812,train
3813,train
3814,train
3815,train
3816,train
3817,train
3818,train
3819,train
3820,train
3821,train
3822,train
3823,test
3824,train
3825,train
3826,train
3827,test
3828,train
3829,train
3830,test
3831,train
3832,train
3833,train
3834,train
3835,train
3836,train
3837,train
3838,train
3839,train
3840,train
3841,train
3842,train
3843,train
3844,train
3845,test
3846,test
3847,train
3848,train
3849,train
3850,train
3851,test
3852,test
3853,train
3854,train
3855,train
3856,train
3857,test
3858,train
3859,train
3860,train
3861,train
3862,test
3863,train
3864,test
3865,train
3866,train
3867,train
3868,train
3869,train
3870,train
3871,train
3872,test
3873,train
3874,train
3875,test
3876,train
3877,train
3878,train
3879,train
3880,train
3881,test
3882,train
3883,train
3884,train
3885,train
3886,train
3887,test
3888,test
3889,test
3890,train
3891,train
3892,test
3893,train
3894,train
3895,test
3896,train
3897,train
3898,test
3899,train
3900,train
3901,train
3902,train
3903,train
3904,train
3905,train
3906,train
3907,train
3908,train
3909,test
3910,train
3911,train
3912,train
3913,train
3914,test
3915,train
3916,train
3917,train
3918,train
3919,train
3920,train
3921,test
3922,test
3923,train
3924,train
3925,train
3926,test
3927,train
3928,train
3929,train
3930,test
3931,train
3932,train
3933,train
3934,train
3935,train
3936,train
3937,train
3938,test
3939,train
3940,train
3941,train
3942,train
3943,train
3944,train
3945,train
3946,train
3947,test
3948,train
3949,test
3950,test
3951,test
3952,test
3953,train
3954,train
3955,train
3956,train
3957,test
3958,test
3959,train
3960,test
3961,test
3962,train
3963,train
3964,train
3965,train
3966,train
3967,test
3968,train
3969,train
3970,test
3971,train
3972,test
3973,test
3974,train
3975,test
3976,train
3977,test
3978,train
3979,train
3980,test
3981,train
3982,train
3983,train
3984,test
3985,test
3986,train
3987,train
3988,train
3989,train
3990,train
3991,train
3992,train
3993,train
3994,train
3995,train
3996,train
3997,train
3998,train
3999,train
4000,train
4001,test
4002,train
4003,train
4004,train
4005,train
4006,train
4007,train
4008,train
4009,train
4010,train
4011,train
4012,train
4013,train
4014,train
4015,train
4016,train
4017,train
4018,train
4019,train
4020,train
4021,test
4022,train
4023,train
4024,train
4025,test
4026,train
4027,train
4028,train
4029,train
4030,train
4031,test
4032,train
4033,test
4034,train
4035,test
4036,train
4037,test
4038,train
4039,train
4040,train
4041,train
4042,test
4043,train
4044,train
4045,train
4046,test
4047,train
4048,test
4049,train
4050,test
4051,test
4052,train
4053,test
4054,train
4055,test
4056,train
4057,train
4058,train
4059,train
4060,train
4061,train
4062,train
4063,train
4064,train
4065,train
4066,train
4067,train
4068,train
4069,train
4070,train
4071,train
4072,train
4073,train
4074,train
4075,train
4076,train
4077,test
4078,train
4079,train
4080,train
4081,train
4082,train
4083,train
4084,test
4085,train
4086,train
4087,train
4088,train
4089,train
4090,train
4091,train
4092,train
4093,test
4094,train
4095,train
4096,train
4097,train
4098,train
4099,train
4100,train
4101,train
4102,train
4103,train
4104,test
4105,test
4106,train
4107,test
4108,test
4109,test
4110,train
4111,train
4112,test
4113,test
4114,test
4115,train
4116,train
4117,train
4118,train
4119,train
4120,train
4121,train
4122,test
4123,train
4124,train
4125,train
4126,train
4127,train
4128,test
4129,train
4130,train
4131,train
4132,train
4133,train
4134,train
4135,train
4136,train
4137,train
4138,train
4139,test
4140,train
4141,train
4142,train
4143,train
4144,train
4145,train
4146,test
4147,train
4148,train
4149,train
4150,train
4151,train
4152,train
4153,train
4154,train
4155,train
4156,train
4157,train
4158,train
4159,train
4160,train
4161,train
4162,train
4163,train
4164,train
4165,train
4166,train
4167,train
4168,train
4169,train
4170,train
4171,test
4172,test
4173,train
4174,test
4175,train
4176,train
4177,train
4178,train
4179,train
4180,train
4181,test
4182,train
4183,train
4184,train
4185,train
4186,train
4187,test
4188,train
4189,train
4190,train
4191,train
4192,train
4193,train
4194,train
4195,train
4196,train
4197,test
4198,test
4199,train
4200,test
4201,test
4202,train
4203,train
4204,train
4205,train
4206,train
4207,train
4208,train
4209,train
4210,train
4211,train
4212,train
4213,test
4214,train
4215,train
4216,train
4217,train
4218,train
4219,train
4220,train
4221,train
4222,train
4223,test
4224,test
4225,train
4226,train
4227,train
4228,train
4229,train
4230,train
4231,train
4232,train
4233,train
4234,train
4235,train
4236,train
4237,train
4238,test
4239,train
4240,test
4241,train
4242,train
4243,train
4244,train
4245,test
4246,train
4247,train
4248,train
4249,test
4250,train
4251,train
4252,train
4253,train
4254,train
4255,train
4256,train
4257,train
4258,train
4259,train
4260,train
4261,train
4262,train
4263,train
4264,train
4265,train
4266,test
4267,train
4268,test
4269,test
4270,test
4271,train
4272,test
4273,train
4274,train
4275,test
4276,train
4277,train
4278,test
4279,train
4280,train
4281,test
4282,train
4283,train
4284,test
4285,train
4286,train
4287,train
4288,train
4289,train
4290,test
4291,train
4292,train
4293,train
4294,train
4295,train
4296,train
4297,train
4298,train
4299,train
4300,train
4301,test
4302,train
4303,train
4304,train
4305,train
4306,train
4307,test
4308,train
4309,train
4310,train
4311,test
4312,train
4313,train
4314,train
4315,test
4316,train
4317,train
4318,train
4319,train
4320,test
4321,train
4322,train
4323,test
4324,train
4325,train
4326,train
4327,train
4328,train
4329,train
4330,train
4331,train
4332,train
4333,train
4334,test
4335,train
4336,train
4337,train
4338,train
4339,train
4340,train
4341,train
4342,train
4343,train
4344,test
